{'1': {'5to8': array([[ -8.03856902, -10.13533873,   4.44657661,   9.23861642,
          6.1187641 ,   6.09024294,  -3.39659201,   6.95495409],
       [  4.27541277,   4.40076266,  -4.79380899,  10.12516776,
         -2.45735845,  -3.77902273,   1.08156324,   8.85577675],
       [ -2.16573177,   3.73627162, -10.57153549,   1.20627295,
         -2.55716556, -13.54008998,   4.63980683,   0.08586673],
       [ -0.90748161,   9.35404516,   8.58164052,   0.39540675,
         -1.20421762,   4.84978367,   0.66082805,  -4.85466307],
       [ -2.01702469,   0.34020775,   1.28343848,   2.5918729 ,
          2.25061471,  -1.77260739, -10.52084591,  15.21339268]])}, '0': {'5to8': array([[  1.65462548,   3.25889157,  -3.85703099,  -5.40739696,
         -4.08847081,  -8.06426273,   9.90566658,  -2.08294851],
       [  5.32057633,  -1.33578902,   5.0687262 ,  -1.19804434,
          7.9630787 ,  -3.65764358,   6.16239076,   6.05511452],
       [  3.59876882,   0.86736074,   7.26575297,   9.38776829,
         -1.43362595,   3.07758978,   1.78337027, -10.23654418],
       [ -1.15791403,   7.82190886,  -2.01342731,  -1.01628168,
         -1.52599042,   1.15838924,  -0.3495044 ,   3.11577895],
       [  5.87920823,   1.51671274,   9.25366751,  -5.52012753,
         -1.18685574,   0.92481492,  -7.47556914,  10.49939156]])}, '2': {'5to8': array([[  3.89630959,   0.57632215,  -7.58601663,   2.62016647,
         -1.17169768,  11.11723578,  -5.0225682 , -10.54817274],
       [ -4.3987334 ,  11.58609658,   7.03801296,  -1.31704298,
          4.50116657,  -2.41605366,   4.23348824,  -1.77559987],
       [ -9.63780614,  -2.87800932,   0.92673003, -12.88500906,
         -3.84877054,  -1.60286446,   1.36774944,   6.35866276],
       [  2.37789213,  -4.86626879,  -0.6651661 ,   1.16800899,
          4.38167237,   0.19640017,  -3.97404531,  -2.55343814],
       [ -3.26271912, -15.68044036,  -3.2852924 ,   6.95876161,
         15.29601179,  -5.18350647,  -0.15263224,   9.00960783]])}}
{'1': {'5to8': array([[-13.86727103,   1.11663228,   3.3342707 ,  12.16363031,
         -1.03663923,  -6.37420594,  -9.87638355,   6.43965521],
       [ -0.48099863,  12.71290964,  -6.0845669 ,  11.67630228,
         14.52461419,  -6.67219582,  -6.39787769,  -1.46601578],
       [  7.14764034,   8.85759592,   4.53144948,   7.68341188,
         14.37790331,  -0.77824843, -18.60835245, -11.00756835],
       [  4.04624374,  -2.1195682 ,   9.11810456,  -5.30870135,
         -2.79532177,   4.6582187 ,   9.78001187,   2.1090299 ],
       [  5.26037008,  -7.7079198 ,   4.24889397,  -4.74784692,
         -1.54392358,  -8.98162774,  -4.21814846,  10.13755148]])}, '0': {'5to8': array([[ -4.41488419,   0.82153183,  -7.13304764,  -8.7432829 ,
         -5.19242709,  -0.75680817,   2.68982244,   7.65064913],
       [ -4.73976723,  -2.66204197,   6.30791403, -13.42946855,
          6.806194  ,  -1.32460428,  -2.89876265,  -0.25635468],
       [  5.50774917,   5.30862309,  -1.78629027,  10.61642779,
          9.67719649,   6.76999524,  10.40088771,  -4.25610173],
       [  5.11847012,  -6.2984733 ,   7.24546015,  11.09516838,
         -0.88920801,   2.22228885,  -4.99873574,   1.20440439],
       [  1.84570263,  -6.05982971,   3.33228465,   4.48220143,
          5.8092221 ,  -1.38739002, -11.92979515,  -1.29252326]])}, '2': {'5to8': array([[  3.04300262,   1.1061491 ,  -1.92751381,   7.60700825,
          7.85639094,  13.91911645,   0.83180675,  -0.87493869],
       [  0.69203501,  10.36446557,  -1.83135928,   0.54999611,
          3.12524967,   4.95707083, -11.18475002,  -9.16414223],
       [-12.2362864 ,   3.91406927,   7.54042823, -13.38513136,
        -11.09421683,  -7.62590675,  17.66085477,   8.66988948],
       [ -8.5190848 ,  -3.43229266,   7.64050647,  -6.12721082,
         -1.29712059,   9.47496541,   4.69584506,  10.45539965],
       [-10.95887281, -10.09991425,  -8.77185553,   5.35504021,
          1.6378667 , -10.25270112,   3.31711454,   7.6952139 ]])}}
{'1': {'5to8': array([[ -7.02339871,  -4.43564162,  -2.31201199,   0.97415487,
         -2.43453078,  19.57595991, -25.97729649,   7.51308072],
       [ 10.95357199,  10.90389937,   4.3707522 ,   8.6167879 ,
          2.34644302,  -8.14460607,  -7.4948491 ,  -1.49565126],
       [  1.76728057,  13.68416154,   6.85897761,   3.20946428,
          2.49789107,  10.39960714,  -5.89760054,  -4.70601907],
       [  5.00286044,  -7.85289184,   7.54630943, -23.52511409,
         -4.36587392,  16.91036811,   1.31986284,  -7.50439396],
       [  3.47502264,  -3.65932581,   7.49409892,   7.60987646,
          2.16983179,   5.0509319 , -11.00713673,  -0.07992345]])}, '0': {'5to8': array([[  2.11757463e+00,   1.07114987e+01,  -2.90666628e+00,
         -3.47856601e+00,  -6.17010082e-03,   1.44847536e+01,
         -1.51205180e+01,   5.31946573e+00],
       [  4.47904480e+00,   6.41866354e+00,   7.00727302e-01,
         -3.82793883e+00,   1.13513611e+01,  -7.27271864e+00,
         -4.44774910e+00,   5.58584461e+00],
       [  2.74606947e+00,   1.34366768e+00,   1.08449117e+01,
          1.16262979e-01,   1.69443424e+01,   7.30182570e+00,
          1.14803644e+01,  -8.38640407e+00],
       [  2.76063614e+00,   4.43952396e-01,   1.40508934e+01,
          7.56278504e+00,  -1.23880063e+01,   1.05016948e+01,
         -9.50882327e+00,   1.53284643e+01],
       [ -3.03096399e+00,   3.98388870e+00,   4.09757913e+00,
         -4.11699052e+00,  -2.74290519e+00,   1.06620432e+01,
         -1.49339553e+01,  -2.10306966e+00]])}, '2': {'5to8': array([[  2.25442931,  -1.98880606,  10.33630619,  10.85669105,
         -0.68405633,   9.68089035,  -3.25182244,   4.60892724],
       [ -9.91365129,  17.79648868,  11.22135834,   9.94797355,
          1.2881925 ,   4.9288543 ,   3.19039023, -16.00738751],
       [ -6.08743768,   3.34296313, -14.27127514,  -7.31071115,
         -3.29400853,  -7.08555891,  -4.06845479,  18.64967361],
       [ -0.03568853,  -3.04546414,  -1.32015629,  -8.81811458,
          9.42050802,   9.74763644,   4.29981369,   3.14699539],
       [  1.12145879,   8.39436877,  -4.7872858 ,  11.3297448 ,
          2.11489848, -14.13275353,  -2.70774341,  -1.89568105]])}}
{'1': {'5to8': array([[ -5.6516308 , -10.9220426 ,   0.51387831,  -0.38191423,
        -13.61948062,  -1.6046962 , -19.73823194,  15.97734162],
       [  3.66311402,  11.12794196,  -0.94869876,   5.36255749,
          4.90128706, -16.99339992,  -3.21391799,   6.83120462],
       [  0.83597037,  18.98900566,   7.26062008,   5.9423435 ,
          5.06363141,   0.57365447,   3.35511678,  -7.56357303],
       [  1.3044488 ,  -0.08859879,   4.80459663, -11.43913142,
         -1.07550009,  12.15802587,   6.87039989,  -8.56691401],
       [  5.88897277,  -1.83106482,   5.27566506,  -2.29634188,
         -1.42099608,  -1.63622413,   2.80946825,   2.33678116]])}, '0': {'5to8': array([[ -3.62516859,  13.61285935,   7.3084902 ,  -5.38072871,
          1.13861264,   4.8958447 ,  -7.72916356,  -1.99425449],
       [  2.3716138 ,   1.76667217,  12.11101832,   1.44337941,
         18.98238509,  -9.56888706,  -6.1802704 ,  -0.42950318],
       [  5.0490257 ,  -6.55732515,  20.50004351,   7.56220906,
         11.23526977,   2.44449155,  12.17972861, -11.61214387],
       [  5.28602657,  -5.73734357,  10.38715594,  16.25894416,
        -15.07731935,  13.09791508,  -7.05927313,   3.46677031],
       [ -0.35867131,   2.39787411,  -0.83005791,  13.2630357 ,
          1.51231231,  -3.09985511, -16.07545371,  -7.0125811 ]])}, '2': {'5to8': array([[  9.00943307,  -7.09152869,  -3.83218734,  15.69902704,
        -10.25605033,  -1.95221449,  -9.07572465, -12.67157293],
       [-16.29918509,  23.53355906,   3.86279665,   7.08426033,
          1.59885643,  10.59742619,  -7.56752705,  -8.72954207],
       [ -5.76424451,   4.41357824,  -5.25741399, -12.72143747,
         -3.27929937,  -4.27545104,  -1.6244408 ,  15.20523127],
       [  3.10715353,  -8.09005485,  -7.23570502, -10.12874905,
          1.82366325,  22.64399778,   5.20729568, -10.34645521],
       [  2.22862931,  -1.46447053,   8.8785155 ,  10.75368601,
          6.85589103,  -9.4188445 ,  -3.54972808,   4.09269895]])}}
{'1': {'5to8': array([[ -6.60672134,  -6.7866865 ,   4.92352453,  -3.01219222,
         -8.77804245,   4.92594683, -30.19560859,  12.38170197],
       [  3.96436478,  15.22001877,  -6.90601245,  10.27397909,
          8.87552408,  -8.35908614,  -2.2145146 ,  -9.97842657],
       [  3.36384627,  19.80655764,  10.92199497,  -0.8344441 ,
         -0.27350426,  12.630627  ,   3.20002503,  -2.7161077 ],
       [ -0.73722301,  -9.00194006,   7.66456358, -24.55821192,
          7.5629435 ,   8.20547456,   8.34484572,  -4.87391507],
       [  2.32429   ,  -2.00230109,   8.32606635,  -5.03325078,
         -1.6734341 ,  -7.56855383,   2.42615488,  -2.05122657]])}, '0': {'5to8': array([[  3.04265714,  27.3888839 ,   0.88534081,  -6.36575961,
          4.59419033,   5.48005282,  -3.80637   ,   3.28992269],
       [  1.25353816,  -3.63062477,   4.47891284,   0.18691589,
         27.71543256, -16.59712224, -16.87465586,   6.61260574],
       [  1.80852663,   2.41482247,   9.26257152,  14.38871004,
         12.23806576,  -2.3355333 ,   9.46815364,  -3.85885429],
       [  5.32640582,  -8.84293299,   5.36382119,   7.28124281,
         -7.67521797,   1.1368973 ,  -5.09714541,  -0.73112649],
       [  6.77947605,  -5.85039734,  -7.15575434,   3.94712373,
         -2.14318907,  11.12575428, -11.15908405,  17.25649617]])}, '2': {'5to8': array([[  8.91349454,  -1.79329584,   7.30035007,  13.44384859,
        -12.99517674,   4.35904062,  -4.94839745,   4.13483459],
       [-21.51217113,  17.27156828,  12.49730625,   2.7245241 ,
          3.28140382,  14.30871977,  -6.10165195,  -5.4282802 ],
       [  0.72047722,  -2.90703413,  -7.42615384,  -8.57232744,
         -2.02404397, -17.59131483,  -5.34187752,  16.58700522],
       [ -6.68371665, -11.25844026,  -0.96663001,  -5.18327484,
          2.65461755,  11.53121425,   3.74320528,  -5.25859886],
       [ 11.97594503,  -4.96442035,  -3.54865872,   9.22764531,
         -0.97168387, -11.98151158,   3.9436334 ,   1.62204759]])}}
{'1': {'5to8': array([[-13.93907481,  -0.39406439,   4.86676806,  -1.65407909,
         -5.7053463 ,   4.83152524, -21.74964634,   8.36842152],
       [ 13.0457744 ,   6.62424371,   0.5792489 ,   8.06347776,
         10.48842015, -11.70050266,  -3.41800385,  -6.12122422],
       [  5.87709486,  20.00312629,   6.8065234 ,   5.91091453,
          9.32034562,  15.96645253,  -2.26048592,  -8.37051449],
       [ -7.53480638, -11.3815444 ,   9.29440408,  -9.45401636,
         -2.29506817,  22.25848798,   7.30763754,  -0.20579753],
       [  8.99707554, -13.4739144 ,  15.76950673,  -0.4748081 ,
         -5.73814444,  -4.49509611,  -1.96469863,   5.97330119]])}, '0': {'5to8': array([[  8.84388657e+00,   1.90464680e+01,  -6.46787778e-01,
         -6.23479162e+00,  -5.20815870e+00,   1.04119084e+01,
         -6.83070571e+00,  -8.02774947e-01],
       [  9.35725212e+00,  -1.13723453e+01,   2.62022392e+00,
         -5.20207582e+00,   1.54539492e+01,  -6.66011703e+00,
         -1.22310388e+01,   9.52138893e+00],
       [ -1.81272150e-02,   2.41599035e-01,   1.63974554e+01,
          1.18110049e+01,   2.20900120e+01,  -1.44375054e+00,
          1.88970543e+00,  -1.41661121e+01],
       [  6.52056313e+00,  -8.43518978e+00,   1.30129504e+01,
          5.84807171e+00,   4.46714506e+00,   6.36286805e+00,
         -8.76330088e+00,  -4.51998582e+00],
       [  3.98537385e+00,  -4.89938175e+00,   3.62928124e+00,
          9.95904027e+00,  -1.23359989e+01,  -6.51136280e+00,
         -1.53650427e+01,   3.91232355e+00]])}, '2': {'5to8': array([[  5.32770144,   4.44122304,  10.70254017,   4.84124089,
         -1.82420956,  14.01313239,  -1.85331801, -10.84173308],
       [-24.59435782,  15.57597565,   7.7071155 ,  10.82658299,
          5.3763773 ,   3.40753784,  -0.87174108, -15.85650802],
       [ -8.57551932,  -7.95210436,  -2.45572614, -10.43206024,
        -15.38898292,  -5.62924217,   2.50021785,  14.56668393],
       [  4.27404828,  -0.68058873,  -9.19673314,  -7.00570311,
          3.94398902,  13.04158928,  -7.27710843,  -2.09304027],
       [ 12.59896905,  -6.18679939,  -0.22711938,   5.61498496,
          1.97505315, -10.70329293,  -3.93870958,   3.93946792]])}}
{'1': {'5to8': array([[ -5.22726996,   7.38726181,  -0.65746932,   5.75301332,
        -12.56800964,  -5.774292  , -20.43721878,  12.7951993 ],
       [ 10.26794433,  13.75132877,  -3.9895849 ,   6.3012207 ,
          7.37016519, -18.093555  ,  -6.71441207,  -2.36435602],
       [  0.89353717,   8.59468098,   8.96561245,   7.66939798,
         10.96493798,  13.50374217,  -7.13583753,  -4.94818999],
       [ -0.63641973, -11.5442199 ,  12.80278686, -14.7850861 ,
          2.6308498 ,   8.00887075,   3.54298251,  -1.20450943],
       [  7.45272543, -14.04887134,   3.77255382,   1.67222202,
         13.66058326,  -5.76297225,  10.58355989,   1.1188457 ]])}, '0': {'5to8': array([[ 11.87242707,  18.16236551,  -7.26424508,  -6.80601368,
         -7.76725465,   7.68599563, -12.95270517,   7.59307249],
       [  5.32117771,   0.83304009,  11.0440098 ,   3.2929342 ,
          3.16394108,  -6.92804976, -12.45109107,   1.95134058],
       [  4.6351862 ,   7.68880911,  11.16806865,  15.1707769 ,
         19.20622432,   6.37279309,   2.51368492,  -2.84592484],
       [ 14.34241321,  -6.12399746,   0.54662422,   0.38567673,
         -9.52336718,  -1.41073362,  -5.13883821,  12.82645555],
       [ -2.03224592, -11.35722811,  10.69101932,  -0.66278712,
          3.31083834,   1.88629009, -19.44243499,  22.04616722]])}, '2': {'5to8': array([[  3.34691201,  11.64918485,   7.18912301,   3.96157401,
          5.28443395,  12.69164758,   1.29338235, -12.70797253],
       [-18.97262603,   7.91730244,   6.69501594,   4.21108759,
          1.68674417,   3.57034543,  -7.30085074, -21.75188836],
       [ -4.20464467,  -3.17284152,   2.46793694, -11.08226463,
         -5.07628397,  -5.52057662,  -5.72137452,  20.83351281],
       [  4.66452484,  -1.89453495,  -6.68576738,  -9.77931106,
          7.21019304,  20.32685298,   4.04847998, -10.30082602],
       [ 11.91909362,   3.86036756,   2.72557688,   1.050971  ,
        -15.41542452, -10.65326834,  -4.55506269, -10.67293782]])}}
{'1': {'5to8': array([[ -7.49879032,   8.21912941, -12.18882926,   5.34933163,
        -13.12480265,   1.5826665 , -19.07167991,  14.52893707],
       [  4.99039875,   4.57309471,  -4.0760403 ,  -2.07516565,
         19.5804761 ,  -7.3746794 ,   6.40177531, -14.5415527 ],
       [  1.99783554,  12.84262446,   5.0326916 ,   1.40471157,
         18.01123139,   5.34408562,  -0.90911356, -17.54775238],
       [  5.13252357,  -7.09016536,  15.42724212,  -7.87697292,
         12.51747756,  21.49861694,   0.652679  ,   1.47881484],
       [  4.02762965,  -7.80226628,  11.2216822 ,  -4.68128652,
          5.97522656, -16.31925979,   7.61131571,  -1.05927685]])}, '0': {'5to8': array([[  4.44119559,  30.7106169 ,  -3.28844927,  -9.1562133 ,
         -4.97995665,  12.86784391,  -2.13994256,   3.48063522],
       [  2.96851807,   1.33210332,   1.92812796,   1.13017941,
         10.02857577, -11.58516979,  -6.76674126,   9.9020261 ],
       [  2.72742693,   3.74991188,  13.14030366,  13.23898725,
         17.69388379,  -2.40521029,  10.25743473, -18.96581064],
       [ 10.80207913, -12.39194175,   5.94291253,  -1.9605408 ,
         -0.15659676,  -4.54208652,  -2.88737977,  19.82563081],
       [ 11.13123506,  -7.7193067 ,   2.45418812,  15.74606919,
          6.66464508,   2.89282578, -19.98186088,  16.04405819]])}, '2': {'5to8': array([[  1.12693277,   5.96208005,   6.86746662,   6.69504597,
         14.11035939,  -4.34556563, -10.31371868,  -9.82116316],
       [-19.1464748 ,  12.15558038,   6.33277532,  -0.0728549 ,
         12.47917886,  14.43061763,  -7.4348689 , -16.41773168],
       [  3.14427552, -16.40743073,  -6.65790976, -17.48422964,
        -15.99131132, -15.68921874,   0.69939722,   6.79154146],
       [  9.33660381,  -6.4762632 , -12.43843987,  -9.11669589,
          8.7360767 ,  23.46893802,   6.24359233,   3.48044421],
       [ -3.02338875, -19.30750118,  -4.21516755,   6.58948992,
         -4.87754775,  -9.95814339,   5.69330346,  -3.67012815]])}}
{'1': {'5to8': array([[-12.49680311,  -2.97260144,  12.36774528,  11.18683304,
        -12.64554288,   0.27268262, -14.94508397,  12.6487668 ],
       [ 11.34921224,   6.0003214 ,  -1.77034622,   2.67811074,
         15.61834997, -12.98195869,   7.7299601 ,  -3.96231278],
       [  8.39002611,  12.31497032,   8.1636763 ,   9.06778399,
          5.97556558,   5.28788407,  -8.08849531, -10.81855806],
       [  5.59524631,  -6.98773384,  12.23172195, -16.3503725 ,
          1.60808408,  13.71205709,  18.57260166,  -1.1617476 ],
       [  4.01445101,   4.33683478,  13.09087704,  -4.74133032,
         11.36108837,  -1.87221168,  10.59341598,  -1.52930655]])}, '0': {'5to8': array([[ -5.74513043,  12.74824193,  -0.97845784, -12.07877123,
          9.03559369,   1.47286806,   3.98725502,   8.1296918 ],
       [  7.9592975 ,  -2.03761873,   8.58039617,  -8.7181623 ,
          7.08354953,  -5.82065363, -18.51125562,   4.40493477],
       [  4.14444576,   2.06864424,   6.48235123,  11.02868208,
         21.07145756,  -1.78669989,   1.42466657,  -0.55413547],
       [  9.31068405,  -5.56902593,  -0.60150552, -14.84219113,
         -7.51670274,   9.26704708, -11.12094704,  13.58897855],
       [  7.67271342,  -4.50747047,  -6.86140206,   2.2021801 ,
          2.8843928 ,   0.16089341, -17.17407829,   9.75465268]])}, '2': {'5to8': array([[  7.69348155,   9.34309691,   6.17642238,   8.15924548,
          7.95545882,  -6.66954782,  -9.42279081,  -7.68158219],
       [-19.25034939,  10.92998781,   6.96295305,   6.04101926,
          9.11446999,  19.89137205, -18.36252564, -14.77658354],
       [ -9.20382033,  -7.10048731,  -4.41385508, -17.00146079,
        -13.43199549, -18.66428133,   6.29871302,  19.33727542],
       [ -0.7261152 ,  -8.49294156,  -6.138142  ,  -5.66284763,
          6.76437887,  20.45107036,   1.16392085,  -1.06663704],
       [  5.46787635,  -7.33459662,  -0.11992509,  10.58621315,
          4.37974039, -13.12481876,  -5.29835316,   0.70657382]])}}
{'1': {'5to8': array([[-13.83607414,  -8.57030761,   8.32387277,  -0.6588854 ,
         -6.20294966,   2.74190377, -22.96134524,  18.52188176],
       [ 15.81019041,  -5.22616456,  -0.05542638,  12.55926156,
         14.46642004, -13.58025566,  -0.86974145,  -2.64539911],
       [  4.47315592,  15.31683139,   4.25671784,   7.09281931,
          6.99601095,  14.92928885, -12.74960806,  -5.96652277],
       [ -4.13359329,  -5.20661602,   5.68013587, -20.52957715,
          3.85181263,  15.61303661,   7.78777849,  -3.32293536],
       [  8.93011791,  -5.38280548,   4.26402705,  -0.19228171,
          7.75958551,  -7.30053046,   2.27219866,   6.99527112]])}, '0': {'5to8': array([[  4.74285964,  15.50132305,  -2.96354143,  -0.07412551,
          3.76253337,  17.59270362, -11.63489154,   1.21209449],
       [  4.65562121,  -5.74768416,  19.62562825, -13.23959286,
          9.75851506,  -3.2661964 , -18.78731681,   0.61652444],
       [  5.38395845,   2.00078547,   2.33526034,  11.91904495,
         18.37823411,  -8.65298111,  13.96817943, -20.70094744],
       [  5.60122905,  -4.09697577,  16.38583321,   2.93594667,
          0.65301033,  -0.38409629, -13.34923353,  -7.47580823],
       [  5.83250872,  -9.10030633,  -2.50597951,   4.35175659,
          1.89489746,   3.72614053, -12.40403401,  14.16126375]])}, '2': {'5to8': array([[ -3.11243134,   7.32672094,   3.47644111,   9.69553877,
         -2.66375368,  -3.2265241 , -18.02200595, -10.65197552],
       [-29.50319206,   3.85952587,   5.45093491,   2.82088122,
         -1.40307422,  10.14372447,  -6.77276024, -13.9870282 ],
       [  4.50165246, -11.93222135,  -9.67352195, -17.17592447,
         -0.47556399, -17.55493297,  -1.794264  ,  17.36763746],
       [  1.44153013,   1.04111482,  -4.24616672,   1.68153237,
         11.8058057 ,  14.99389499,   2.06462625,   6.32243863],
       [  2.99489862,  -3.54367684,  10.36523025,  17.12513579,
          3.26027167, -21.56574648,  -6.09396715,  -1.83487979]])}}
{'1': {'5to8': array([[ -7.31747683,  -9.2072955 ,   1.31075598,  -6.9566081 ,
         -7.52860138,   0.11449732, -22.2908204 ,   9.91316485],
       [  9.72578453,   4.81402404, -15.21718802,   6.24373691,
          7.2814367 , -11.79717928,   9.1785843 , -16.15005801],
       [ 13.71084633,  20.43189977,   2.94685613,  -4.92142576,
         16.58996056,  16.98297499,  -2.81894348, -23.3148097 ],
       [ -8.2360972 ,  -2.08262582,   8.66415767,  -1.92048555,
         -1.3174439 ,  13.02048752,   5.66602271,  -2.33143766],
       [  5.44440462,  -2.8968848 ,   8.81078351,  -0.58377389,
          8.31065044,  -7.54699072,  -2.66707382, -12.32832296]])}, '0': {'5to8': array([[ -1.59501743,  24.27390845,  -4.70123144, -18.19038279,
          3.74330749,   6.73290468, -17.19364102,   9.42893944],
       [ -3.19557376,  -4.92025679,   8.07266186,  -7.45143695,
         18.40254778,   2.58759926, -12.44999696,   7.11118625],
       [ -6.66263901,  -5.69328051,   8.99028149,   5.62332557,
         18.57336033,  -9.57469408,   1.54825387,  -3.9292337 ],
       [  8.27182809, -14.35551721,   9.00296663,  -2.50392601,
         -8.59817241,  -6.98170444,  -7.64659894,  11.71153477],
       [  8.69086056,  -9.87692745,  -8.53059985,   3.92913107,
         -3.63246969,   4.01771359, -16.51662459,  15.19735577]])}, '2': {'5to8': array([[  3.12475872,  11.7927181 ,   8.24610166,   3.77412873,
          3.44940196,   1.40371128, -16.67939771,  -3.78478336],
       [ -7.86091348,  13.29441507,   9.44314248,  -3.02201339,
          6.21095156,   4.6613051 ,  -9.22092755, -13.48570653],
       [  2.4193114 , -12.27674759,  -6.8731159 ,  -8.45788828,
         -5.96058946, -22.16645584,   2.91515387,  13.09600156],
       [  2.21027618,  -8.12255606, -13.3282093 ,  -4.20698294,
          7.8346948 ,  18.68084673,   3.29745525,   0.06848341],
       [  9.43454642,  -7.06139298,  -0.67351195,  12.46592421,
         -2.53133648, -16.94385719, -11.80347736,  -1.9080609 ]])}}
{'1': {'5to8': array([[ -4.82772256e+00,   4.93041385e+00,   4.14137192e-02,
         -1.11618958e+01,  -3.51053797e+00,   1.18411084e+01,
         -1.13422520e+01,   1.37754117e+01],
       [  1.29593111e+01,   5.20220062e+00,  -4.92525943e+00,
          1.60559321e+01,   8.96553411e+00,  -5.55005026e+00,
         -1.00652643e-03,  -1.30164558e+01],
       [  4.15899581e-01,   1.60979833e+01,   1.62556266e+00,
          1.92864721e+00,   8.63854887e+00,   1.19793865e+01,
         -1.08376343e+01,  -2.03019591e+01],
       [ -3.21296084e+00,  -1.28297669e+00,   1.66184551e+00,
         -2.89555806e+00,   1.42893121e+00,   1.71558008e+01,
          6.94796208e+00,  -7.46626817e+00],
       [  8.89725349e-01,   1.62373032e-01,   5.22453864e+00,
          5.41233042e-01,   1.09830610e+01,  -4.72837118e+00,
          1.06675311e+01,   4.63141647e+00]])}, '0': {'5to8': array([[  1.38793204,  24.6288127 ,  -4.12975813, -15.20808768,
         -2.30827266,  13.83853785, -11.73212451,   3.37751609],
       [  4.12126879,   3.30340418,  -0.86488659,  -2.22653404,
         13.59581537,   3.60134488, -15.15133137,   3.13627417],
       [ -2.70301873,   2.13885551,   6.36292033,  13.81062876,
          9.92378998,  -6.60384429,   7.62710101, -16.70887102],
       [ 13.98569362,  -6.09849602,  11.60946035,  -4.20349827,
         -5.85686507,   0.83645388, -12.14119816,   8.81305842],
       [ -2.48114464,  -6.73771982,  -8.98577046,   9.514281  ,
         -2.37890289,   1.21319981, -21.79081725,   4.1642329 ]])}, '2': {'5to8': array([[  3.46583923,   3.30496146,  13.14557618,   5.02985347,
          8.05956316,  -5.91468737, -11.85356829,  -7.82620227],
       [-16.66703601,   8.86958418,  11.23895636,   6.69033689,
          5.59642094,   4.14717364,  -8.75709671, -27.49481843],
       [-10.44537008, -14.34870056,  -4.25639582, -23.62750534,
        -11.19424387,  -7.1912931 ,   5.92516276,  14.49237044],
       [  0.85322003,  -8.48319202, -10.90270049,  -7.74432695,
          3.97450491,  20.77392902,   3.11793798,  -9.41316187],
       [ -5.88107074, -10.12642093,   7.4582675 ,  12.08572987,
          7.28810765, -20.17543222,  -1.45037718,  -1.73317914]])}}
{'1': {'5to8': array([[-13.74456937,  -8.22976333,   4.05391124,  -7.64867459,
        -13.552494  ,  -0.0636002 , -14.10874554,   2.9518052 ],
       [ 11.24841415,   5.02734444, -13.70222785,  10.64177433,
         19.8618804 ,  -9.40466753,   7.67813839, -10.4535608 ],
       [ -2.23359841,  19.06761719,   3.5519937 ,   8.50321791,
          6.89911783,   3.27402742,  -7.59818363, -10.93988275],
       [  1.1442278 ,   3.9866169 ,  11.5851011 ,  -7.99338967,
         -3.22082339,   8.84944593,  15.23159817,  -2.82567776],
       [  4.67200372, -10.43655239,   9.34614396,  -4.35219842,
          4.06582721,   0.63066941,   6.50015359,   2.05329069]])}, '0': {'5to8': array([[  2.10428453,  21.1155689 , -10.7970782 , -16.42366113,
         -1.91019431,   8.64848536,  -0.67010597,   1.16037622],
       [  0.47748531,  -2.74833973,   6.52551821, -12.23615913,
         13.93141095,   0.2030949 , -13.48752469,   5.25209129],
       [  2.58092021,  -5.75305757,   6.01563537,  15.47902111,
         16.32670587,  -4.85589398,  12.1124592 , -18.08139162],
       [ 12.66032142,  -8.49781202,  10.71635284,  -0.90145606,
          0.35522061,   0.11399957, -12.40269932,  -1.11718184],
       [ 13.02611932,   2.27547093,  -7.09286297,  -0.91874325,
          3.04339111,   9.33429725, -14.16607838,  15.33250406]])}, '2': {'5to8': array([[  3.19455063,  12.17606492,   5.87993211,   2.0799225 ,
          9.10627808,   9.07678911,  -5.2546076 , -13.65125302],
       [-19.42199186,   9.61050283,   5.31021553,   9.02145906,
          7.59155396,   5.44268307,  -9.86282521, -20.48537793],
       [  0.41529166,  -5.24040179,  -6.69107627, -21.63238081,
        -12.29255595, -13.87938172,   4.64930988,  18.73844308],
       [  8.84669159, -14.39691659, -10.19000808,  -2.59086823,
         -0.44558103,  21.26893862,   0.48265741,  -1.5828518 ],
       [  5.53614149,   2.01565135,   3.47586841,  15.22885182,
          2.20188805, -14.71597749,   4.72580619,  -1.98724595]])}}
{'1': {'5to8': array([[ -8.69421687,   5.08746087,  -0.0642238 ,   0.90004013,
        -10.72679428,   2.01708186, -12.32617915,  19.80389895],
       [  0.51753975,   1.9966446 ,  -6.51503631,  13.50884935,
         14.74097265, -17.78172601,   4.79832584, -11.82807584],
       [ 13.94959216,  18.77927067,   8.7176188 ,   8.5205165 ,
          5.15084427,  12.5214989 ,  -2.15873027,  -3.30480331],
       [  1.84082897,  -8.03419832,  10.32581601, -13.85847513,
        -10.61769034,  19.21466375,   2.89951185,  -0.74792714],
       [  0.19468837,  -4.69528424,   7.04255112,   1.97545207,
         15.12680201,  -8.04075626,   3.8569809 , -14.72559427]])}, '0': {'5to8': array([[ -5.75882746,  30.4254173 ,  -0.20427508, -10.29763456,
         -5.99884878,  10.84330204,  -5.84553924,   6.70575947],
       [  7.45872102,  -4.08213886,  18.87574272,  -1.58378184,
         17.17631538,  -5.79868048, -21.74395256,   5.59208857],
       [  2.04095182,  -5.75529761,  16.96958361,  18.97627144,
         15.13128808,  -6.02025498,   8.37458548,  -9.3621752 ],
       [  6.31657692, -12.63281349,  11.26686062,  -9.07912974,
         -5.29056998,  -1.32368228,  -5.53917316,  17.24849018],
       [  4.40417746,  -8.25906745,  -2.57939804,   8.66107325,
          3.35911142,  10.99415943, -14.60792006,  23.5964702 ]])}, '2': {'5to8': array([[  4.69385001,   7.74477206,   5.98248777,   3.77635389,
         22.39694243,   2.88121656,  -6.56170718,  -4.74931452],
       [-19.45143905,   8.81082883,  10.19190511,   7.38320826,
          5.11924223,  -2.19511873,  -0.28457525, -11.43262375],
       [  0.70083135, -11.35596584, -17.59104813,  -7.59183033,
        -17.68466851,  -9.9395385 ,   7.37008153,  13.63955523],
       [  4.08708942,  -8.05713586, -12.34871134, -10.48090514,
          4.20038327,  17.35314166,   0.46162425,  -5.50242788],
       [  0.48178753,   4.85648052,   3.26292059,   4.48701598,
         -5.94463193,  -0.0908428 ,  -3.09689788,  -0.76187575]])}}
{'1': {'5to8': array([[-11.22251569,  -6.35306303,   3.4668615 ,  11.92750478,
         -7.12724992,   0.40078817, -25.27359293,  10.71273383],
       [ 13.84595722,   7.75186505, -14.78050937,  17.26558434,
         21.05235583,  -8.27949135,  -0.1653854 ,  -6.18448996],
       [  2.78645934,  14.80938527,   2.25397494,   5.96958727,
         10.52763508,   8.97953892,  -9.98713504,  -4.90021299],
       [  5.36405433,   1.25908296,  11.97445936, -12.40433743,
          1.58687643,  10.54597371,   1.4930642 ,  -2.50268423],
       [ -1.98733554,  -9.78107922,   2.91264777,  -0.0873965 ,
          5.08272952,  -6.1690185 ,  -0.19229612, -10.35495923]])}, '0': {'5to8': array([[ -2.97925402,  25.65722192,   1.84955846,  -8.64028677,
        -12.4064306 ,  16.62108198,  -8.6455926 ,   3.42634115],
       [  1.4534795 ,  -4.03260708,   9.59633571,  -1.8479024 ,
         11.37723862, -17.76065665, -12.27212961,  13.11162105],
       [  4.55991298,   4.50507118,  12.48141634,  15.3159805 ,
         23.97687254,  -9.90394847,   6.64849589, -11.74732845],
       [ 10.03325181, -11.3718583 ,  17.61300946, -13.27947868,
         21.39462592,  -4.74264291, -14.66712439,  19.11881597],
       [  1.27781426,  -7.75028946,  -5.26170363,   3.0759186 ,
          1.31001227,  -1.21168939, -14.05103106,  14.13198512]])}, '2': {'5to8': array([[  2.83287982,   5.70515925,   4.40201557,   4.56542591,
          8.53504028,  -5.442019  ,   2.29722557,  -9.90581308],
       [-24.29669737,   6.75407155,  -0.25602694,   7.87335758,
          8.06938372,   8.94864148,   2.33270167, -10.41024595],
       [  0.05911351, -17.90777889, -14.66745398, -11.53154645,
        -11.15319221,  -6.93632454,   6.49873269,  16.76108631],
       [  4.50579934,  -7.51135197,  -1.00532833, -12.49207841,
          5.94163662,  10.50932799,  -6.00885838,  -9.36120715],
       [  8.54293694,   3.19605659,  -2.53449325,   2.8917032 ,
          3.28049969, -15.69258994,   3.65060168,   2.10460598]])}}
{'1': {'5to8': array([[ -1.62199556e+01,  -5.07125767e+00,  -4.65677777e+00,
         -9.31077126e-04,  -2.30775088e-01,  -1.17876475e+01,
         -1.48547590e+01,   2.01360013e+01],
       [  5.92174593e+00,   7.09263529e+00,  -1.05170792e+01,
          1.07311820e+01,   1.19930665e+01,  -1.09978445e+01,
          1.08555936e+01,  -6.66006867e+00],
       [  5.98025063e+00,   1.23484331e+01,   6.45484477e+00,
          1.50262127e+00,   1.53325674e+01,   3.71765404e+00,
         -9.78507071e+00,  -1.57134322e+01],
       [  7.41039557e+00,  -7.64459131e+00,   7.98896430e+00,
         -1.41965631e+01,  -8.00196631e+00,   1.47941638e+01,
          1.43629858e+00,   1.50799425e+00],
       [  1.15664895e+01,  -9.23867044e+00,   1.08389214e+00,
         -1.25018249e-01,   1.37002530e+01,  -1.24045600e-01,
          3.60604758e+00,   2.67032745e+00]])}, '0': {'5to8': array([[ -3.15167644e+00,   2.31167696e+01,   1.31768337e-02,
         -1.22227216e+01,   2.70662638e+00,   1.76786810e+01,
         -6.35277647e+00,   7.48266194e+00],
       [  3.25542264e+00,  -3.76157130e+00,   6.00169437e+00,
         -3.36587831e+00,   1.27861219e+01,  -6.53462282e+00,
         -2.64887612e+01,   2.73942746e+00],
       [  3.59502398e+00,  -4.78501159e+00,   4.98830665e+00,
          2.25322137e+01,   1.45073871e+01,  -3.35151822e+00,
          9.29613427e+00,  -1.34973956e+01],
       [  5.74023854e+00,  -3.43547417e+00,   1.08495812e+01,
         -2.45177245e+00,   4.91019406e+00,   3.68834335e+00,
         -7.74663113e-01,   1.28129414e+01],
       [  1.28405927e+01,  -1.05421679e+01,  -2.95811759e+00,
          1.10259639e+01,  -2.20669774e+00,   8.32184021e+00,
         -1.68005668e+01,   1.32343184e+01]])}, '2': {'5to8': array([[  4.69339672,   3.85586063,   7.65446626,   3.99074749,
          7.3504528 ,   2.56565279,   4.43812661, -20.96934261],
       [-14.18313183,  13.48799309,  10.45593042,  11.46737199,
          7.78008631,  -0.11503125, -13.04293263, -16.18408514],
       [ -0.26586897, -14.79153129,  -6.95757916, -14.28875752,
        -11.50434701,  -5.05722531,   5.17266304,  19.99927604],
       [  5.419968  , -11.32000994,  -8.2145403 ,   1.03229702,
          6.44628341,  19.2427786 ,  -7.12156455, -10.51643991],
       [ -3.98533375,  -2.15127886,   1.10544802,  12.08200189,
          3.2254853 , -11.76874145,   6.09931969,   0.54247241]])}}
{'1': {'5to8': array([[-11.90241041,  -6.10044452,   3.305437  ,  -0.77042141,
        -11.14480014,   1.86782379, -20.66540292,  10.36720275],
       [ 12.20969699,   2.77988039,  -6.16224043,   2.24187562,
         27.47654442, -12.25493511,  13.301454  ,   1.96668054],
       [  5.9086717 ,  27.63447509,   8.9421971 ,   8.27345059,
         19.7271009 ,   1.92394209, -19.9245352 ,  -6.92167896],
       [  8.0297581 , -11.74484644,  20.46393484, -14.98395702,
         -6.31554855,  18.83945356,   8.26141972,  -7.86455559],
       [  0.90024286,   3.81763519,   1.61749244,  -7.28060902,
          3.81504465,  -1.35350478,   5.69768759,   6.73977231]])}, '0': {'5to8': array([[  0.61223004,  18.01024106, -10.72227822,  -9.70817561,
         -1.10617543,  12.81633457,  -3.42316943,  -4.52525166],
       [  8.85837194,   0.69001779,  10.46015749,  -7.97154387,
          7.28846335,  -1.45716856, -14.71366597,   7.00341614],
       [ 10.415011  , -12.62533799,  14.48610922,  11.54449951,
         23.25676069,  -5.49739955,   9.12081346, -16.16883843],
       [  7.31410193,   1.0711931 ,   9.64298428,   6.12811584,
          4.83860824,  -8.89746616, -10.26443692,   8.39865916],
       [ 17.45007035,  -3.83200181,  -1.46106674,   5.51964035,
         -1.68512585,   9.48324167,  -3.74133837,  12.47048089]])}, '2': {'5to8': array([[  2.57394332,   6.85903024,  -3.00407202,  -0.851442  ,
          8.02846401,  -9.34878645,  -5.59362119, -16.78382415],
       [-12.80881933,   8.10581467,   2.32207139,   9.58106038,
          9.59123443,   3.23399965, -15.73866773,  -4.74580643],
       [  4.21020934, -19.36538059, -11.61370347,   5.49604618,
         -9.92033828, -13.23801829,   9.5167634 ,  11.94789275],
       [ -1.06731218, -13.48768908,  -4.55451909,  -9.54107258,
         -0.46157262,  16.57043546,   7.7358694 ,   1.4398615 ],
       [  3.89018571,   1.2599189 ,  11.13042765,  14.82921234,
         -7.38086552, -15.47450938,  -8.37745809,   1.00567926]])}}
{'1': {'5to8': array([[-15.5720976 ,   7.11458269,  -2.028619  ,  -8.86537108,
        -21.09697756,   4.71255347, -22.03630563,  19.11410593],
       [  3.12153089,   7.09684151, -11.97752485,   0.02848633,
          6.46167021, -14.86343469,  10.60136223,  -0.46312193],
       [ 13.99558975,  14.59759208,   9.91903765,   0.44465923,
          7.51806632,  -1.42263683,  -9.62526707,  -8.38998254],
       [ 13.34156897,  -7.8585968 ,  11.37254125, -14.56640055,
         -1.25991025,  19.89713271,   2.39426156,  -9.6227538 ],
       [  2.67483047,  -3.05520317,   7.71333333,  -9.31442657,
         13.58465004,   4.43249802,   7.65593936,   3.94289138]])}, '0': {'5to8': array([[  4.3627299 ,  22.23671716,  -4.26576618,  -7.30824171,
        -11.39704444,  13.59338353,  -2.73785292,   6.48217208],
       [  0.18572345,  -3.0534688 ,  14.51795061,  -7.84792154,
         23.87383019,  -8.81303331, -20.4752055 ,  14.28010851],
       [  9.67533632,  -3.80229054,  22.35012032,  22.3258381 ,
         20.7314277 ,  -5.26395399,  11.52267926, -14.41969451],
       [ 10.55955626,  -2.63506606,  16.28791821,  -3.50749419,
         -0.63988699,   8.86477534,  -6.99324436,  11.68727131],
       [  6.56370569,  -7.32675058,   1.78339396,   5.65070586,
          2.78175025,   3.54674337, -16.61518913,  12.58763351]])}, '2': {'5to8': array([[  0.78016216,   7.07940297,   5.50692535,  12.89440772,
          4.09050476, -11.93063877,  -1.04268053, -18.3506538 ],
       [-10.40213764,   8.3762909 ,   7.98375868,  10.27020224,
          7.57642769,  14.84718979, -17.43301333, -12.39984704],
       [ 21.58835137, -16.07733547, -15.05248537, -12.66078416,
        -20.97824644,  -5.66839831,   5.05056889,  25.61759548],
       [ 12.56691299, -15.79693   ,  -9.81031103, -18.1978326 ,
         13.5060039 ,  23.28615816,   7.77731356,  -5.57360645],
       [ -2.89769909,   6.19160487,   4.17369568,   0.09618265,
         10.23093007,  -8.48434538,  -7.62808919,  -4.18237771]])}}
{'1': {'5to8': array([[ -1.47687042e+01,  -2.72744504e+00,   3.50403879e+00,
         -6.13121220e+00,  -7.25853972e+00,  -3.34313642e+00,
         -1.60746598e+01,   1.95223233e+01],
       [  1.23712258e+01,   2.70420029e+00,  -6.21014507e+00,
          1.40527385e+01,   1.58802379e+01,  -1.16353020e+01,
          1.06304048e+01,  -3.98098160e+00],
       [  1.50077440e+01,   2.42523316e+01,   1.25903005e+01,
          5.28182874e+00,   8.73160472e+00,   6.80190065e+00,
         -1.21567950e+01,  -1.00104696e+01],
       [  3.35232938e+00,  -1.41487765e+01,   2.19513317e+01,
         -1.74618955e+01,  -1.43513356e+00,   6.23043720e+00,
          1.13203621e+01,  -4.47363339e+00],
       [ -1.62216339e-03,  -5.98537300e-01,  -3.46185256e+00,
         -8.87995133e+00,   1.20771227e+01,  -2.03618923e+00,
          1.10732469e+01,  -8.58026900e+00]])}, '0': {'5to8': array([[ -2.5347478 ,  27.65123055,  -1.51675071, -14.57193322,
          0.73038286,  10.78800537,  -3.75249746,   9.97590973],
       [  4.20565921,  -0.98263482,  -3.34333792, -10.41280851,
         12.90499556,  -5.47657491, -15.46760451,   6.69475287],
       [  7.59754998,   8.48961185,   5.28731585,  24.1712812 ,
         15.9150026 ,   3.52806903,  15.25919953, -15.268196  ],
       [  9.27760812,  -0.78900326,  11.94975086,   0.59676653,
          9.2941821 ,  -6.17411907,  -8.45569885,  16.39328946],
       [  8.01729107, -15.55314203,   1.86828632,   0.87557177,
        -12.08174825,  11.83390135, -17.86214648,  11.1497234 ]])}, '2': {'5to8': array([[  4.89062292,   8.80815108,  -1.67776655,  -0.72674537,
         15.22026872,  -1.59878182,  -6.63985815, -15.05638784],
       [-18.00848775,   6.94818672,   7.64616177,  18.16899069,
         -4.33799905,   6.13908296,  -4.12465609, -18.71625953],
       [ -1.72584213,  -5.12161931,  -9.04772054,  -2.0288744 ,
        -16.34618903,  -6.61555936,   4.24472251,   7.39094149],
       [ 13.55342562, -18.34900319,  -8.01033108,  -3.93232436,
          4.75535839,  22.23888402,   1.47465206,   2.21818592],
       [  2.44007819,   3.45236759,  18.9502877 ,   5.55179729,
         12.72451539, -13.76677112, -10.59991168,  -4.88739349]])}}
{'1': {'5to8': array([[-13.51699662,  -3.27611897,   5.06140232, -10.81720846,
         -2.10306472,  -3.88327233, -18.47741822,  22.01544036],
       [  6.12356844,  10.69471204,  -3.57625435,  10.67907099,
         24.71393464,  -7.52451756,   6.46068705,  -0.59167682],
       [  3.13967183,  13.58041607,  -1.05104966,   8.52345412,
          9.85564327,   2.38318289,  -2.47246291,  -7.10865388],
       [ 16.797116  ,  -7.10416276,  12.89242034, -12.0433769 ,
         -2.24695239,   9.94568606,  -7.32484037,  -7.58499466],
       [  5.56396404,  -2.22568801,  -8.17517347,  -5.70826418,
          9.19328537,   0.99279485,  12.51070534,   3.70972772]])}, '0': {'5to8': array([[ -1.64293619,  25.91706713,  -3.81232192, -13.18538284,
         -5.28418809,   6.32840582, -10.03209841,   4.23084165],
       [ -3.36823147,   2.02904205,   5.12216807,  -7.34386733,
         17.31889341,  -2.13631716, -19.53803592,   0.21498551],
       [  8.67476094,   7.02426171,  16.21063792,  27.80192353,
         28.94421833, -15.79817629,  10.84993305, -12.22371037],
       [  9.46734726,   2.44920651,  11.81605909,  11.09250549,
          4.06431825,  -5.56223502,  -9.59765047,   8.84958707],
       [ 12.58992714,  -5.91768565,  -7.19875304,   3.85873502,
         -6.62558811,  -5.22468845, -18.79485694,   5.41204133]])}, '2': {'5to8': array([[ -5.89932228,   5.97622018,   3.29361216,   0.279698  ,
          9.93371325,  -3.40038368,  -0.29213517, -12.40227975],
       [-12.90784895,  14.2404614 ,   8.51737892,   6.16649087,
         12.02573329,  12.39046634, -10.27535481, -23.31573756],
       [ 12.94737746, -20.04433819, -16.39596885, -21.82314148,
        -12.60227623,  -8.33864055,   0.4079244 ,  10.51063471],
       [  9.99049904, -11.50343309,  -5.92581468, -11.35977782,
         14.7857454 ,  14.13733887,   7.57225133,  -8.74698897],
       [ -6.07268459,   0.99072043,   9.38028858,   3.2216651 ,
          7.8798359 , -18.72094788, -13.24574475,  -4.0921924 ]])}}
{'1': {'5to8': array([[ -8.95617979,  -6.76756826,   0.75374416, -10.26374114,
        -13.04000438,  -4.75826369, -13.27872073,  24.7025369 ],
       [  3.17845564,   8.49257471, -12.10258548,   8.61787236,
         10.54813638,  -7.13948816,   6.98094808,  -9.67025886],
       [  0.75383747,  14.56870918,  14.47863502,   3.97642365,
          7.28344572,   6.82979321,  -4.07602817,  -7.99113624],
       [  6.81647047,  -8.90714472,  22.15828256, -12.52550291,
         -2.30366967,  10.80242031,  -1.03211786,  -7.75721365],
       [ -7.99636493,   3.72892908,   1.59065503,   1.62868524,
          7.90064738,  -7.26448856,   4.92311963,   3.48361799]])}, '0': {'5to8': array([[  7.42953942,  20.5543294 ,  -2.78205416, -11.42249146,
         -0.33261184,  12.13390262,  -1.5871968 ,   5.26792338],
       [  3.10906712,  -1.77504733,   4.21219946,  -8.102834  ,
         21.52914692,  -1.03781158, -19.17478868,   4.64952068],
       [ 10.44204089,   7.57952292,  10.60761444,  34.1165602 ,
         20.37555888,  -4.78056126,  14.08111291,  -6.86247933],
       [ 15.3617248 ,   6.92202108,  12.70850137, -10.54067201,
          3.42389693, -12.66248428,  -5.01871926,   5.99005464],
       [  9.86004891,  -9.94285602,  -6.32247313,   4.84111938,
          6.27286718,   0.56634551, -12.85976292,  16.15699874]])}, '2': {'5to8': array([[  1.22038775,  13.46035192,  14.00918283,  13.87717174,
         15.26192747, -11.51879683,  -8.52617062,  -4.00804039],
       [-20.62562395,   1.4787306 ,   7.54302609,  11.31868509,
          9.91368417,  11.92141345, -19.05141581, -15.07920882],
       [  9.69907559, -15.80851632, -18.09561812, -11.07053925,
        -15.65620961,  -4.76599888,   7.78517347,  14.97492998],
       [  0.4787049 , -21.75712369, -12.95849926,   2.14257939,
          7.1944679 ,  20.23507844,   8.74252411, -10.81684309],
       [ -4.05299052,   1.72568593,   8.23501017,   4.98582537,
          6.16131823, -14.47104936,  -3.53688029, -10.66391144]])}}
{'1': {'5to8': array([[-18.18062962,   0.84861968,  -5.37065224,   2.59627149,
         -4.22565094,   5.09217607, -27.03331874,  15.5105494 ],
       [ -1.79681562,   6.36588958,  -2.90767868,   8.03888781,
         23.07243241,  -7.935516  ,  -1.99390601,  -5.09367738],
       [  5.31662344,  15.99848164,   3.37793329,   6.89000547,
          3.44963511,   0.9408955 ,  -2.68607837,  -1.43208747],
       [ 11.41001816,  -2.76060933,  16.1843759 , -17.80479164,
         -4.21363815,  -0.22180565,   9.69307412,   0.4953814 ],
       [  6.15171388,  -5.89506365,   9.00487147, -12.86048041,
         16.51974141,  11.18727768,   6.73799946,   5.93482387]])}, '0': {'5to8': array([[  1.76598086e+00,   2.33062652e+01,  -6.85609941e+00,
         -7.59895816e+00,   7.76631748e-03,   1.20502210e+01,
          1.92229668e+00,   3.53878078e+00],
       [ -1.65300148e+00,  -2.08060034e+00,   9.92980441e+00,
         -4.17183524e+00,   5.45241256e+00,  -9.04719204e+00,
         -1.44323679e+01,   3.52700415e+00],
       [ -4.67488406e+00,  -5.50354544e+00,   1.02255164e+01,
          1.62656249e+01,   2.32430977e+01,  -1.12447460e+01,
          1.00511423e+01,  -3.21210579e+00],
       [  1.76307789e+01,  -4.72120851e+00,   8.81698756e+00,
         -7.93558943e+00,   3.76098104e+00,  -1.05266074e+01,
         -6.00044190e+00,   8.89366802e+00],
       [  7.26050802e+00,  -9.24593812e+00,   1.32454984e+00,
          1.39616014e+01,   3.81345248e+00,   1.87062454e+00,
         -1.18371341e+01,   1.75922805e+01]])}, '2': {'5to8': array([[  0.87588463,   9.09450379,   0.8695135 ,   5.89298572,
         18.29858279,  -4.75527384,   0.33697381, -13.55202098],
       [-12.78338751,  -2.48371022,   6.85541495,   9.49245981,
          8.73476627,   6.8112822 ,  -8.60659989, -21.49328302],
       [  6.21953396, -10.15622915, -10.75453254,   4.06632873,
        -15.12488082, -14.00084621,  -0.79825464,  11.06294331],
       [  8.55159752,  -7.3377414 ,  -6.27239743,  -4.41533413,
          9.29637387,  18.2696558 ,   1.52301225,  -9.97638396],
       [ -7.91621214,  -2.87903883,  16.30930759,   8.5372036 ,
         -0.14617445, -11.50226223,  -5.3879986 ,  -3.52469173]])}}
{'1': {'5to8': array([[ -6.82261058,  -2.84005561,  -7.92506648, -12.75367078,
         -6.86789789,  -7.10927289, -22.62364281,  10.40500389],
       [  5.50540553,  14.0539311 ,  -4.84301292,   5.64544009,
         17.45993576, -14.29113716,  -0.14882174,  -5.42092865],
       [  5.29970625,  11.17481185,   4.77604282,  10.95199093,
         13.59959202,   2.81756764, -12.24160901,  -2.70440448],
       [  0.32039797,  -5.69973869,  18.53444451, -11.90827428,
          2.06637214,   3.95389054,   6.70406764,   2.1947764 ],
       [ -1.94691412, -10.13777761,  -3.80439427,  -7.55006546,
          4.7727753 ,  -3.61198041,   4.16127054,  -0.63143953]])}, '0': {'5to8': array([[-11.74767761,  24.26829646,   7.97412384,  -9.57044525,
         -4.28877082,  16.21301609, -11.70575517,   7.44890529],
       [  0.31963369, -18.3789155 ,  10.38147555,  -8.94735034,
         14.04645291,  -2.87381775, -15.32386409,  -0.35146068],
       [ -4.38374069,   0.12390963,   5.9210457 ,  16.11460107,
         17.79964429,  -1.41058463,  10.08339559,  -9.79983879],
       [ 10.85053207,  -9.88497494,  16.852773  ,  -4.18552292,
         10.50383286,  -2.95340667,   5.05457128,   4.95262366],
       [ 10.21888822, -16.96062834,   7.79114946,   4.06475642,
         -9.83452591,   8.15649831, -14.76736133,   3.60554958]])}, '2': {'5to8': array([[  2.28540082,  12.29085827,  -0.25747072,   2.40120362,
          7.30321837, -12.98726412,  -0.79175927, -21.05210462],
       [-20.34816914,  11.71889686,   5.8360076 ,  10.13665033,
          9.59014827,  10.12041139,  -6.61088741, -15.07146102],
       [ -0.2510856 , -25.46917332, -12.25108488,  -8.35226312,
        -26.43219549,  -8.23298582,   7.44674774,  14.21838439],
       [ -1.50418027,  -8.33048648,  -5.03156303,  -3.2089093 ,
          4.81478689,  17.80226716,   5.18545259,   1.85607901],
       [ 10.13159412,  -2.4842402 ,   7.23000543,   8.29882668,
          0.61380048, -19.07936165,  -6.11354395,   0.40255323]])}}
{'1': {'5to8': array([[-14.64614739,  -2.57942554,  11.43600343,  -4.9289655 ,
         -1.28925216,   0.31627328, -12.56860155,  10.75847721],
       [  3.80599904,   2.06542958,  -1.39791737,  12.84947682,
         15.94810909,  -8.96104477,  -1.47993837, -11.01402819],
       [ 11.90674927,  18.95584697,  -3.93508876,   9.26296784,
         11.21502604,   4.73561143,  -9.32824081,  -8.3018856 ],
       [  1.59646211, -10.04531792,  13.2088446 , -13.11453744,
          7.42116127,  10.01852757,   2.28722372,   2.15345384],
       [  2.77599245,  -0.37464035,  11.34685285,  -8.6312732 ,
          5.02619742,   4.00662534,  14.72283623,   2.39697318]])}, '0': {'5to8': array([[ -5.63351061,  21.00205842,  -2.8221076 ,  -3.66305697,
         -7.68610409,   8.87847568,  -6.73442081,  -3.958139  ],
       [  4.18374776,  -8.13956043,  13.81759798, -10.84031203,
         14.41210794,  -2.57470567, -17.63966473,   0.95403978],
       [ -4.61630394,  -6.60075005,  17.15892986,  16.32566699,
         23.76475089,  -4.25020721,  12.20814453,  -2.18068403],
       [  7.26980264,  -3.73508429,   7.7088241 ,  -9.40351917,
          0.45241486,  -9.12087684,  -1.36748016,   8.13301816],
       [ -3.71974733, -10.07541554,  -7.95858695,  13.14486252,
          5.92774113,   8.01593545, -22.70333053,   7.71891136]])}, '2': {'5to8': array([[  5.80440174,  18.12175127,  -3.02513508,   5.59821511,
          6.00307803,  -6.67020451,  -2.03858429, -15.97588825],
       [-23.12006111,  15.51762602,   7.51049457,   5.90055592,
          8.0192671 ,   6.79483881, -14.67663857, -22.04243453],
       [  8.77194664, -14.3064394 , -12.08239259,  -5.32047869,
        -12.05037483,  -2.90589008,   6.8383958 ,  15.38045145],
       [  6.62037545,  -9.51034628,  -4.87130482, -17.97640983,
          1.41065401,  18.03606413,  10.48293894,  -5.31047863],
       [  6.49101452,   1.09665582,  12.91410717,   1.07621842,
          6.12261316, -13.38153752,  -9.36584911,   1.16763413]])}}
{'1': {'5to8': array([[-14.46210696,  -4.88973925,  11.66519642,  -4.72325998,
        -16.94058401,  -0.56316405, -24.8897569 ,  19.73499158],
       [ 13.87911669,   3.40519997,   1.96670385,   9.29429948,
         14.20877975, -10.75767725,   2.19415577, -13.06338749],
       [  5.23547263,  16.13176615,   9.47193601,   6.0610096 ,
          9.06498948,   1.97148328,  -5.2952337 ,   0.03427313],
       [ 12.42476152,   2.22092261,  14.59839108, -15.52567379,
         -6.93684958,   5.19001071,   0.6256791 ,   6.09685609],
       [ -3.30608057,  -2.80849843,   2.62567505, -10.31638195,
          4.03785769,   6.39778584,  13.26225354,   1.73272877]])}, '0': {'5to8': array([[  1.84069931,  33.93191867,   5.26209153,  -8.76349231,
          0.81419151,  15.99430684,   3.30340903,  10.09554418],
       [ -3.71891717, -10.72199512,   8.50695096,  -5.60448108,
         10.3213743 ,  -5.31922944, -18.66962771,   9.30055417],
       [  0.69249161,  -1.08177089,  16.51299751,  13.0681491 ,
         34.48461925,  -6.89920811,   8.16893665, -10.51736333],
       [ 19.20484688,  -4.90628136,  24.1678375 ,   5.19618011,
         -2.83980846, -12.09683198, -10.20762761,   6.86738018],
       [  3.52099526, -12.08372647,  -4.83202753,   8.96943588,
         -6.20108481,   3.91253278, -28.56839251,  13.5938733 ]])}, '2': {'5to8': array([[ -1.88656739,  12.44311241,  -6.72421616,   7.06973765,
          5.08798563,  -9.90172226,  -5.6743969 ,  -9.17302647],
       [-21.79240342,   9.72265334,   8.78382584,  11.50206704,
         19.1693991 ,   1.43424597, -10.18477715, -25.92212877],
       [  4.83499071, -22.43275627, -18.50029765,  -4.57134012,
        -16.67442502,  -6.95049729,   8.54163393,  19.07952071],
       [ 15.44459112, -13.3957102 ,  -8.76441126,  -3.56948752,
         -1.51664132,  26.68180101,   3.77198557,  -9.19387129],
       [-11.27223108,  -1.84804626,  -0.20406127,  11.16135232,
          6.64739353,  -9.85543761, -13.27828983,  -2.44574166]])}}
